time,tests
0.0000131289,30
0.0000143290,30
0.0000169675,30
