time,tests
0.0000138998,30
0.0000143369,30
0.0000136296,30
